City_ID,City,Country,Date,Lat,Lng,Max Temp,Humidity,Cloudiness,Wind Speed
0,Punta Arenas,CL,2021-12-01 02:32:14,-53.15,-70.9167,51.91,62,75,5.75
1,Hermanus,ZA,2021-12-01 02:27:22,-34.4187,19.2345,58.89,84,11,8.63
2,Lavrentiya,RU,2021-12-01 02:32:15,65.5833,-171.0,-13.99,88,3,8.61
3,Rikitea,PF,2021-12-01 02:32:15,-23.1203,-134.9692,76.24,77,0,20.62
4,Butaritari,KI,2021-12-01 02:27:20,3.0707,172.7902,82.11,76,90,8.14
5,Bredasdorp,ZA,2021-12-01 02:32:16,-34.5322,20.0403,56.28,83,82,5.26
6,Pevek,RU,2021-12-01 02:29:42,69.7008,170.3133,-12.14,99,100,1.23
7,Vaini,TO,2021-12-01 02:32:16,-21.2,-175.2,82.56,83,40,10.36
8,Okhotsk,RU,2021-12-01 02:32:17,59.3833,143.3,-13.09,85,15,14.76
9,San Jeronimo,PE,2021-12-01 02:32:17,-11.9472,-75.2829,52.41,86,100,1.34
10,Morehead,US,2021-12-01 02:32:17,37.2711,-87.1764,44.15,92,1,0.0
11,Nanortalik,GL,2021-12-01 02:32:18,60.1432,-45.2371,37.74,88,100,29.95
12,Atuona,PF,2021-12-01 02:32:18,-9.8,-139.0333,79.0,76,4,20.58
13,Troitsko-Pechorsk,RU,2021-12-01 02:28:41,62.7084,56.1964,22.8,97,100,10.22
14,Tuktoyaktuk,CA,2021-12-01 02:32:19,69.4541,-133.0374,-31.0,75,1,4.61
15,Mataura,NZ,2021-12-01 02:32:19,-46.1927,168.8643,67.48,51,34,5.57
16,Bethel,US,2021-12-01 02:32:19,41.3712,-73.414,39.56,82,90,1.99
17,Grand Baie,MU,2021-12-01 02:32:20,-20.0182,57.5802,77.47,78,2,1.99
18,Albany,US,2021-12-01 02:32:20,42.6001,-73.9662,34.81,87,83,3.36
19,Kribi,CM,2021-12-01 02:32:20,2.95,9.9167,78.58,86,87,3.71
20,Tailai,CN,2021-12-01 02:32:21,46.3833,123.4,18.3,64,2,7.25
21,Ushuaia,AR,2021-12-01 02:27:27,-54.8,-68.3,55.06,44,75,18.41
22,Clyde River,CA,2021-12-01 02:32:21,70.4692,-68.5914,3.43,85,100,11.5
23,Faanui,PF,2021-12-01 02:32:22,-16.4833,-151.75,82.18,73,100,20.11
24,Hobart,AU,2021-12-01 02:32:22,-42.8794,147.3294,87.03,32,75,6.91
25,Carnarvon,AU,2021-12-01 02:32:22,-24.8667,113.6333,75.27,60,40,21.85
26,San Jose,US,2021-12-01 02:29:28,37.3394,-121.895,66.45,61,20,0.0
27,Severnyy,RU,2021-12-01 02:32:23,50.677,36.5532,28.44,74,75,6.71
28,Hilo,US,2021-12-01 02:32:23,19.7297,-155.09,80.33,73,75,5.75
29,Ostrovnoy,RU,2021-12-01 02:32:24,68.0531,39.5131,25.11,62,100,35.66
30,Thompson,CA,2021-12-01 02:32:24,55.7435,-97.8558,-2.04,84,90,3.44
31,Dikson,RU,2021-12-01 02:32:25,73.5069,80.5464,-18.78,100,100,8.75
32,Synya,RU,2021-12-01 02:32:25,65.3718,58.0387,16.11,93,100,7.45
33,Cape Town,ZA,2021-12-01 02:29:44,-33.9258,18.4232,61.27,79,0,6.91
34,Busselton,AU,2021-12-01 02:32:25,-33.65,115.3333,68.09,46,100,10.56
35,Mangan,IN,2021-12-01 02:32:26,27.5167,88.5333,70.09,37,5,2.71
36,Algeciras,ES,2021-12-01 02:32:26,36.1333,-5.4505,51.48,71,3,8.05
37,Lazaro Cardenas,MX,2021-12-01 02:32:26,17.9583,-102.2,77.77,81,77,4.23
38,Tual,ID,2021-12-01 02:32:27,-5.6667,132.75,84.22,71,99,5.19
39,Kodiak,US,2021-12-01 02:32:27,57.79,-152.4072,24.31,68,90,9.22
40,Khatanga,RU,2021-12-01 02:32:28,71.9667,102.5,-40.23,100,93,3.8
41,Castro,BR,2021-12-01 02:32:22,-24.7911,-50.0119,60.08,65,0,3.69
42,Severo-Yeniseyskiy,RU,2021-12-01 02:32:28,60.3725,93.0408,-1.75,93,100,9.01
43,Kungurtug,RU,2021-12-01 02:32:29,50.5994,97.5228,10.56,79,14,0.56
44,Pisco,PE,2021-12-01 02:33:29,-13.7,-76.2167,64.45,82,0,13.8
45,Puerto Ayora,EC,2021-12-01 02:33:29,-0.7393,-90.3518,68.61,91,34,7.31
46,Emba,KZ,2021-12-01 02:33:30,48.8264,58.1442,39.69,74,100,23.49
47,Avarua,CK,2021-12-01 02:33:30,-21.2078,-159.775,78.85,78,75,12.66
48,College,US,2021-12-01 02:33:31,64.8569,-147.8028,1.35,72,75,0.0
49,Ulaanbaatar,MN,2021-12-01 02:33:31,47.9077,106.8832,-0.27,78,33,2.24
50,Umm Lajj,SA,2021-12-01 02:33:31,25.0213,37.2685,79.5,37,91,6.46
51,Kapoeta,SS,2021-12-01 02:33:32,4.7717,33.5903,77.99,48,87,17.45
52,Walvis Bay,NA,2021-12-01 02:33:32,-22.9575,14.5053,59.09,94,0,6.91
53,Iqaluit,CA,2021-12-01 02:33:32,63.7506,-68.5145,11.93,79,75,3.44
54,Adrar,MR,2021-12-01 02:33:33,20.5022,-10.0711,61.77,19,97,10.27
55,Trofors,NO,2021-12-01 02:33:33,65.5333,13.4063,25.95,94,98,4.5
56,Belyy Yar,RU,2021-12-01 02:31:16,53.6039,91.3903,6.85,86,12,2.24
57,New Norfolk,AU,2021-12-01 02:33:34,-42.7826,147.0587,88.66,26,100,4.0
58,Cidreira,BR,2021-12-01 02:33:34,-30.1811,-50.2056,67.01,85,0,11.41
59,Sao Jose Da Coroa Grande,BR,2021-12-01 02:32:09,-8.8978,-35.1478,77.85,83,86,7.54
60,Zhezkazgan,KZ,2021-12-01 02:33:34,47.8043,67.7144,19.8,85,5,5.55
61,Vardo,NO,2021-12-01 02:29:39,70.3705,31.1107,34.11,54,100,31.99
62,Chandbali,IN,2021-12-01 02:33:35,20.7833,86.7667,72.21,49,2,11.01
63,Esperance,AU,2021-12-01 02:33:35,-33.8667,121.9,69.64,51,39,8.5
64,Kununurra,AU,2021-12-01 02:33:36,-15.7667,128.7333,102.18,25,13,4.61
65,Poum,NC,2021-12-01 02:33:36,-20.2333,164.0167,81.68,77,12,12.48
66,Champua,IN,2021-12-01 02:33:37,22.0833,85.6667,67.17,48,1,5.14
67,Sol-Iletsk,RU,2021-12-01 02:33:37,51.1631,54.9918,34.63,88,73,11.86
68,Bengkulu,ID,2021-12-01 02:33:38,-3.8004,102.2655,82.36,68,93,5.23
69,Cherskiy,RU,2021-12-01 02:33:39,68.75,161.3,-15.59,98,100,6.02
70,Togur,RU,2021-12-01 02:33:39,58.3631,82.8265,16.72,97,100,5.23
71,Kruisfontein,ZA,2021-12-01 02:33:40,-34.0033,24.7314,60.89,91,27,3.89
72,Wanning,CN,2021-12-01 02:33:40,18.8003,110.3967,71.49,58,55,15.39
73,Barrow,US,2021-12-01 02:33:41,71.2906,-156.7887,-14.78,70,1,12.66
74,Mandera,KE,2021-12-01 02:33:41,3.9366,41.867,75.56,65,99,7.87
75,Idaho Falls,US,2021-12-01 02:29:56,43.4666,-112.0341,36.16,86,75,4.61
76,Shitanjing,CN,2021-12-01 02:33:42,39.2342,106.3439,30.04,28,1,5.59
77,Jamestown,US,2021-12-01 02:33:42,42.097,-79.2353,38.79,82,90,11.01
78,Saskylakh,RU,2021-12-01 02:33:42,71.9167,114.0833,-39.06,99,82,4.76
79,Ponta Do Sol,PT,2021-12-01 02:33:43,32.6667,-17.1,62.01,78,87,6.76
80,Seoul,KR,2021-12-01 02:32:55,37.5683,126.9778,35.11,43,20,18.41
81,Necochea,AR,2021-12-01 02:33:43,-38.5473,-58.7368,52.03,80,96,9.46
82,Bodden Town,KY,2021-12-01 02:33:44,19.2833,-81.25,78.8,73,0,11.5
83,Bauchi,NG,2021-12-01 02:33:44,10.5,10.0,64.62,23,12,5.97
84,Papara,BR,2021-12-01 02:33:44,-3.9839,-38.7273,82.72,90,54,2.64
85,Sudak,UA,2021-12-01 02:33:45,44.85,34.9667,40.14,65,65,14.72
86,Kaitangata,NZ,2021-12-01 02:33:45,-46.2817,169.8464,59.94,78,100,13.82
87,Caxito,AO,2021-12-01 02:33:45,-8.5785,13.6643,77.65,88,100,2.68
88,Coquimbo,CL,2021-12-01 02:33:16,-29.9533,-71.3436,56.93,82,0,3.44
89,Georgetown,MY,2021-12-01 02:34:46,5.4112,100.3354,83.89,82,20,5.01
90,Shubarshi,KZ,2021-12-01 02:34:46,48.5872,57.1869,40.24,73,100,22.32
91,Nome,US,2021-12-01 02:34:46,64.5011,-165.4064,-14.73,64,1,3.44
92,Rocha,UY,2021-12-01 02:34:47,-34.4833,-54.3333,61.5,85,100,6.93
93,Erdenet,MN,2021-12-01 02:34:47,49.0333,104.0833,13.96,77,18,4.54
94,Mar Del Plata,AR,2021-12-01 02:34:47,-38.0023,-57.5575,59.88,72,0,1.01
95,Anadyr,RU,2021-12-01 02:34:48,64.75,177.4833,3.7,77,75,28.99
96,Port Alfred,ZA,2021-12-01 02:34:48,-33.5906,26.891,65.43,81,99,8.5
97,Severo-Kurilsk,RU,2021-12-01 02:34:48,50.6789,156.125,35.13,98,100,16.91
98,Tasiilaq,GL,2021-12-01 02:34:49,65.6145,-37.6368,12.24,87,100,6.89
99,East London,ZA,2021-12-01 02:34:49,-33.0153,27.9116,66.0,81,99,6.87
100,Norman Wells,CA,2021-12-01 02:34:50,65.282,-126.8329,-25.56,68,75,3.44
101,Shelburne,CA,2021-12-01 02:33:37,44.0787,-80.2041,33.57,96,97,16.15
102,Chuy,UY,2021-12-01 02:34:50,-33.6971,-53.4616,63.16,89,62,9.17
103,Lompoc,US,2021-12-01 02:34:10,34.6391,-120.4579,68.52,88,1,4.61
104,Gueret,FR,2021-12-01 02:34:50,46.1667,1.8667,38.64,92,98,11.56
105,Praia,CV,2021-12-01 02:34:51,14.9215,-23.5087,72.14,68,75,16.11
106,Aripuana,BR,2021-12-01 02:34:51,-9.1667,-60.6333,73.81,96,90,0.54
107,Pilar,BR,2021-12-01 02:34:51,-9.5972,-35.9567,78.73,87,98,5.48
108,Hamilton,US,2021-12-01 02:33:11,39.1834,-84.5333,43.77,77,1,0.0
109,Batagay-Alyta,RU,2021-12-01 02:34:52,67.8006,130.4114,-27.35,100,97,1.32
110,Valparaiso,CL,2021-12-01 02:34:52,-33.0393,-71.6273,56.32,87,0,3.44
111,Olafsvik,IS,2021-12-01 02:34:53,64.8945,-23.7142,29.26,56,71,5.35
112,Surgut,RU,2021-12-01 02:33:47,61.25,73.4167,10.58,92,90,13.42
113,Krasnystaw,PL,2021-12-01 02:34:53,50.9846,23.1742,35.8,98,100,14.72
114,Eustis,US,2021-12-01 02:31:22,28.8528,-81.6853,60.91,79,1,3.44
115,Oktyabrskoye,RU,2021-12-01 02:34:53,43.0645,44.7417,41.14,93,50,6.71
116,Saint-Philippe,RE,2021-12-01 02:34:54,-21.3585,55.7679,76.59,77,81,8.03
117,Ahipara,NZ,2021-12-01 02:34:54,-35.1667,173.1667,71.22,60,100,5.14
118,Tuatapere,NZ,2021-12-01 02:33:17,-46.1333,167.6833,67.82,55,6,7.2
119,Hithadhoo,MV,2021-12-01 02:34:55,-0.6,73.0833,81.79,74,85,6.44
120,Bridgetown,BB,2021-12-01 02:30:17,13.1,-59.6167,77.49,94,75,25.32
121,Playas,EC,2021-12-01 02:34:55,-2.6333,-80.3833,72.14,83,100,11.07
122,Victoria,HK,2021-12-01 02:33:30,22.2855,114.1577,67.17,41,2,1.99
123,Pinega,RU,2021-12-01 02:34:56,64.7001,43.3936,17.29,93,100,10.56
124,Constitucion,CL,2021-12-01 02:34:56,-35.3333,-72.4167,52.11,94,9,2.13
125,Redmond,US,2021-12-01 02:30:01,47.674,-122.1215,56.59,85,100,1.01
126,Vestmannaeyjar,IS,2021-12-01 02:34:56,63.4427,-20.2734,26.78,75,4,18.75
127,Tres Arroyos,AR,2021-12-01 02:34:57,-38.3739,-60.2798,49.75,59,46,8.93
128,Banda Aceh,ID,2021-12-01 02:34:57,5.5577,95.3222,82.56,71,73,13.02
129,Geraldton,AU,2021-12-01 02:34:57,-28.7667,114.6,72.12,49,0,21.85
130,Hofn,IS,2021-12-01 02:34:58,64.2539,-15.2082,29.77,73,100,19.64
131,Narsaq,GL,2021-12-01 02:34:58,60.9167,-46.05,43.02,99,100,19.28
132,Freetown,SL,2021-12-01 02:34:58,8.484,-13.2299,78.91,80,14,2.42
133,Serebryansk,KZ,2021-12-01 02:34:59,49.6925,83.2892,11.75,89,100,6.26
134,Zeya,RU,2021-12-01 02:34:59,53.75,127.2667,8.01,52,3,2.62
135,Yeppoon,AU,2021-12-01 02:35:00,-23.1333,150.7333,83.98,70,42,7.11
136,Palaikastron,GR,2021-12-01 02:36:00,35.2,26.25,58.75,51,4,27.72
137,Saint George,US,2021-12-01 02:34:07,37.1041,-113.5841,60.35,33,1,1.01
138,Bluff,NZ,2021-12-01 02:36:00,-46.6,168.3333,67.8,71,12,18.01
139,Rouvroy,FR,2021-12-01 02:36:01,50.3925,2.904,48.9,81,100,22.91
140,Kamaishi,JP,2021-12-01 02:36:01,39.2667,141.8833,54.55,80,100,20.36
141,Klaksvik,FO,2021-12-01 02:36:01,62.2266,-6.589,32.92,61,49,22.08
142,Preobrazheniye,RU,2021-12-01 02:36:02,42.9019,133.9064,22.51,59,100,18.77
143,Lagoa,PT,2021-12-01 02:36:02,39.05,-27.9833,61.99,80,61,10.6
144,Kapaa,US,2021-12-01 02:36:03,22.0752,-159.319,80.92,79,20,1.01
145,Havre-Saint-Pierre,CA,2021-12-01 02:36:03,50.2334,-63.5986,28.4,74,90,18.41
146,Kollam,IN,2021-12-01 02:33:56,8.8833,76.6,78.67,81,59,7.14
147,Houma,US,2021-12-01 02:35:11,29.5958,-90.7195,57.2,88,12,4.25
148,Santiago Del Estero,AR,2021-12-01 02:36:04,-27.7951,-64.2615,75.81,33,1,12.12
149,Wawa,NG,2021-12-01 02:36:04,9.9022,4.4192,74.55,30,7,3.29
150,Waraseoni,IN,2021-12-01 02:36:05,21.75,80.0333,66.16,45,66,5.23
151,Tahta,EG,2021-12-01 02:36:05,26.7693,31.5021,66.52,75,18,14.38
152,Yellowknife,CA,2021-12-01 02:36:05,62.456,-114.3525,-16.08,76,90,13.8
153,Paamiut,GL,2021-12-01 02:36:06,61.994,-49.6678,42.76,82,100,35.16
154,Cayenne,GF,2021-12-01 02:36:06,4.9333,-52.3333,76.08,91,90,0.0
155,Naliya,IN,2021-12-01 02:36:06,23.2667,68.8333,73.62,53,67,11.16
156,Hasaki,JP,2021-12-01 02:32:58,35.7333,140.8333,66.6,62,86,22.84
157,Ende,ID,2021-12-01 02:36:07,-8.8432,121.6623,84.9,73,100,5.39
158,De Aar,ZA,2021-12-01 02:36:08,-30.6497,24.0123,60.13,54,0,4.92
159,Formosa Do Rio Preto,BR,2021-12-01 02:36:08,-11.0483,-45.1931,70.16,93,99,1.48
160,Chengde,CN,2021-12-01 02:36:08,40.9725,117.9361,32.95,33,0,10.27
161,Nena,PH,2021-12-01 02:36:08,11.7658,125.4178,86.92,65,100,6.76
162,Ribeira Grande,PT,2021-12-01 02:36:09,38.5167,-28.7,62.69,76,48,7.61
163,Virginia Beach,US,2021-12-01 02:35:10,36.8529,-75.978,51.82,49,1,1.01
164,Clarksdale,US,2021-12-01 02:36:09,34.2001,-90.5709,54.91,87,40,5.75
165,Saint Anthony,US,2021-12-01 02:36:10,45.0205,-93.218,39.7,56,75,1.99
166,Nishihara,JP,2021-12-01 02:36:10,26.1842,127.7558,65.86,55,75,25.32
167,Vao,NC,2021-12-01 02:36:10,-22.6667,167.4833,76.84,87,3,20.0
168,Ginda,IN,2021-12-01 02:36:11,30.6945,78.4932,53.46,22,100,1.88
169,Torbay,CA,2021-12-01 02:32:06,47.6666,-52.7314,40.57,86,40,25.32
170,Yumen,CN,2021-12-01 02:36:11,40.2833,97.2,23.36,54,92,17.9
171,Aklavik,CA,2021-12-01 02:36:12,68.2191,-135.0107,-22.97,99,59,3.8
172,Bay Roberts,CA,2021-12-01 02:36:12,47.5999,-53.2648,41.32,85,42,11.01
173,Rjukan,NO,2021-12-01 02:33:22,59.8789,8.5941,20.05,88,100,3.2
174,Jatai,BR,2021-12-01 02:36:12,-17.8814,-51.7144,70.05,94,60,4.12
175,San Carlos De Bariloche,AR,2021-12-01 02:36:04,-41.1456,-71.3082,56.95,51,0,16.11
176,San Cristobal,VE,2021-12-01 02:36:13,7.7669,-72.225,71.78,92,44,1.72
177,Namibe,AO,2021-12-01 02:36:13,-15.1961,12.1522,68.27,85,100,2.64
178,Gardner,US,2021-12-01 02:36:14,42.5751,-71.9981,32.59,79,40,5.75
179,Ballina,AU,2021-12-01 02:36:14,-28.8667,153.5667,73.58,93,90,8.05
180,Ilulissat,GL,2021-12-01 02:36:14,69.2167,-51.1,22.6,78,94,11.05
181,Obukhiv,UA,2021-12-01 02:36:15,50.11,30.6227,31.82,94,100,12.15
182,Nuoro,IT,2021-12-01 02:36:15,40.3211,9.3297,47.46,91,96,9.55
183,Portland,US,2021-12-01 02:35:22,45.5234,-122.6762,58.33,87,90,1.99
184,Katsuura,JP,2021-12-01 02:36:56,35.1333,140.3,69.91,58,91,33.87
185,Alofi,NU,2021-12-01 02:37:16,-19.0595,-169.9187,84.09,61,75,19.57
186,Touros,BR,2021-12-01 02:35:02,-5.1989,-35.4608,81.5,79,51,10.16
187,Zhovtneve,UA,2021-12-01 02:37:16,50.6637,24.2492,33.62,96,100,17.07
188,Sao Filipe,CV,2021-12-01 02:37:16,14.8961,-24.4956,73.81,69,100,11.79
189,Kahului,US,2021-12-01 02:37:17,20.8947,-156.47,84.22,69,20,11.5
190,Djibo,BF,2021-12-01 02:37:17,14.1022,-1.6306,75.13,9,0,9.22
191,Luderitz,NA,2021-12-01 02:37:17,-26.6481,15.1594,59.14,81,0,13.76
192,Buala,SB,2021-12-01 02:37:18,-8.145,159.5921,84.34,67,100,3.85
193,Saint-Pierre,RE,2021-12-01 02:37:18,-21.3393,55.4781,76.68,74,90,12.66
194,Sitka,US,2021-12-01 02:37:19,57.0531,-135.33,42.69,75,75,16.11
195,Aswan,EG,2021-12-01 02:37:19,24.0934,32.907,70.9,32,0,5.75
196,Honiara,SB,2021-12-01 02:37:19,-9.4333,159.95,83.5,79,100,3.8
197,Codrington,AU,2021-12-01 02:37:20,-38.2667,141.9667,69.13,64,9,12.57
198,Cabo San Lucas,MX,2021-12-01 02:37:20,22.8909,-109.9124,78.51,70,40,3.44
199,Coihaique,CL,2021-12-01 02:35:17,-45.5752,-72.0662,52.41,66,0,4.61
200,Lekoni,GA,2021-12-01 02:37:21,-1.5843,14.2591,73.96,85,93,1.68
201,Arraial Do Cabo,BR,2021-12-01 02:37:21,-22.9661,-42.0278,73.63,90,100,11.36
202,Antofagasta,CL,2021-12-01 02:37:21,-23.65,-70.4,63.68,81,20,4.38
203,Northam,GB,2021-12-01 02:37:22,51.0333,-4.2167,50.61,86,63,28.92
204,Ellisras,ZA,2021-12-01 02:37:22,-23.6649,27.7443,71.35,62,0,4.36
205,Pimenta Bueno,BR,2021-12-01 02:37:22,-11.6725,-61.1936,74.01,96,100,2.53
206,Xichang,CN,2021-12-01 02:37:23,27.8964,102.2634,53.46,74,100,2.98
207,Ahuimanu,US,2021-12-01 02:37:23,21.4447,-157.8378,83.91,67,40,12.66
208,Pacifica,US,2021-12-01 02:37:23,37.6138,-122.4869,65.75,71,20,1.01
209,Harper,LR,2021-12-01 02:37:24,4.375,-7.7169,78.13,86,90,4.97
210,Fortuna,US,2021-12-01 02:37:24,40.5982,-124.1573,51.66,72,75,0.0
211,Atar,MR,2021-12-01 02:37:24,20.5169,-13.0499,68.41,18,100,11.07
212,Port Elizabeth,ZA,2021-12-01 02:37:25,-33.918,25.5701,63.1,89,55,3.96
213,Eureka,US,2021-12-01 02:35:23,40.8021,-124.1637,52.25,93,16,1.01
214,Upernavik,GL,2021-12-01 02:37:25,72.7868,-56.1549,22.41,88,98,5.01
215,Nabire,ID,2021-12-01 02:37:25,-3.3667,135.4833,82.63,77,94,1.72
216,Roald,NO,2021-12-01 02:34:30,62.5833,6.1333,33.01,86,90,8.05
217,Palana,RU,2021-12-01 02:33:11,59.1167,159.9667,20.82,71,100,24.7
218,Qaanaaq,GL,2021-12-01 02:37:26,77.484,-69.3632,1.85,74,65,7.56
219,Los Llanos De Aridane,ES,2021-12-01 02:37:26,28.6585,-17.9182,58.75,80,0,5.99
220,Rio Gallegos,AR,2021-12-01 02:37:27,-51.6226,-69.2181,51.85,66,75,4.61
221,Bibiani,GH,2021-12-01 02:37:27,6.4635,-2.3194,71.51,99,99,1.54
222,Bambous Virieux,MU,2021-12-01 02:37:28,-20.3428,57.7575,77.25,78,40,4.61
223,Nikolskoye,RU,2021-12-01 02:37:28,59.7035,30.7861,22.91,92,100,8.32
224,Taos,US,2021-12-01 02:37:28,36.4072,-105.5731,44.26,27,1,8.99
225,Havoysund,NO,2021-12-01 02:37:29,70.9963,24.6622,18.48,85,100,12.21
226,Imbituba,BR,2021-12-01 02:37:29,-28.24,-48.6703,73.29,82,4,4.56
227,Chokurdakh,RU,2021-12-01 02:37:29,70.6333,147.9167,-14.49,99,100,6.91
228,Talnakh,RU,2021-12-01 02:33:12,69.4865,88.3972,-21.8,100,72,3.49
229,Port Blair,IN,2021-12-01 02:38:30,11.6667,92.75,79.74,84,100,17.76
230,Andilamena,MG,2021-12-01 02:38:30,-17.0167,48.5833,62.24,83,31,3.06
231,Payakumbuh,ID,2021-12-01 02:38:31,-0.2202,100.6308,83.73,56,83,3.31
232,Guangyuan,CN,2021-12-01 02:38:31,32.442,105.823,53.19,60,9,2.48
233,Antsohihy,MG,2021-12-01 02:38:31,-14.8796,47.9875,73.63,82,0,3.29
234,Henties Bay,NA,2021-12-01 02:38:32,-22.116,14.2845,58.86,92,5,4.47
235,Provideniya,RU,2021-12-01 02:38:32,64.3833,-173.3,-6.65,64,0,6.71
236,Francistown,BW,2021-12-01 02:38:32,-21.17,27.5079,73.36,44,55,6.96
237,Nyimba,ZM,2021-12-01 02:38:33,-14.5566,30.8149,69.87,40,2,3.04
238,Havelock,US,2021-12-01 02:38:33,34.8791,-76.9013,53.55,65,1,3.0
239,Tura,IN,2021-12-01 02:38:33,25.5198,90.2201,72.64,53,9,0.96
240,Bauska,LV,2021-12-01 02:38:34,56.4075,24.1906,31.75,90,36,11.21
241,Sorsk,RU,2021-12-01 02:38:34,54.0033,90.2467,10.67,81,29,3.65
242,Lata,PT,2021-12-01 02:38:35,40.1629,-8.3327,48.81,82,3,1.52
243,Cavalcante,BR,2021-12-01 02:38:35,-13.7975,-47.4583,70.05,93,100,2.44
244,Qui Nhon,VN,2021-12-01 02:38:35,13.7667,109.2333,76.08,80,100,23.49
245,Abha,SA,2021-12-01 02:38:36,18.2164,42.5053,46.22,46,0,0.0
246,Alamosa,US,2021-12-01 02:38:36,37.4695,-105.87,38.71,37,1,4.61
247,Skegness,GB,2021-12-01 02:34:30,53.1436,0.3363,51.87,77,99,29.15
248,Samarai,PG,2021-12-01 02:38:36,-10.6167,150.6667,86.22,72,94,11.74
249,Sivas,TR,2021-12-01 02:38:37,39.7916,37.0019,32.63,100,90,10.36
250,San Patricio,US,2021-12-01 02:38:37,28.017,-97.5169,66.83,76,93,6.8
251,Udala,ES,2021-12-01 02:38:37,43.0778,-2.5125,47.48,95,80,5.12
252,Eyl,SO,2021-12-01 02:38:38,7.9803,49.8164,72.41,77,100,11.39
253,Oruro,BO,2021-12-01 02:38:38,-17.9833,-67.15,51.82,65,82,8.16
254,Rawson,AR,2021-12-01 02:36:05,-43.3002,-65.1023,68.65,47,8,22.59
255,Mosalsk,RU,2021-12-01 02:38:38,54.4881,34.9817,25.66,84,100,15.82
256,Bhabua,IN,2021-12-01 02:38:39,25.05,83.6167,67.95,41,70,1.7
257,Namatanai,PG,2021-12-01 02:35:45,-3.6667,152.4333,85.96,62,32,8.1
258,Takoradi,GH,2021-12-01 02:38:39,4.8845,-1.7554,79.48,79,95,5.95
259,Hami,CN,2021-12-01 02:38:39,42.8,93.45,26.04,59,0,3.06
260,Mbengwi,CM,2021-12-01 02:38:40,6.0167,10.0,62.74,55,90,1.9
261,Darhan,MN,2021-12-01 02:38:40,49.4867,105.9228,13.59,83,50,7.45
262,Dingle,PH,2021-12-01 02:38:40,10.9995,122.6711,82.6,79,98,7.83
263,Plymouth,US,2021-12-01 02:38:41,41.8334,-70.8328,39.04,79,90,3.44
264,Leningradskiy,RU,2021-12-01 02:38:41,69.3833,178.4167,-22.18,96,76,10.45
265,Nurota,UZ,2021-12-01 02:38:42,40.5614,65.6886,42.89,32,0,8.61
266,Sisimiut,GL,2021-12-01 02:38:42,66.9395,-53.6735,26.17,83,100,10.45
267,Lebu,CL,2021-12-01 02:38:42,-37.6167,-73.65,52.52,92,10,11.16
268,Grand-Lahou,CI,2021-12-01 02:38:42,5.1367,-5.0242,78.91,82,84,3.38
269,San Quintin,MX,2021-12-01 02:38:43,30.4833,-115.95,60.4,83,0,3.31
270,Palmer,US,2021-12-01 02:38:43,42.1584,-72.3287,35.67,78,40,1.01
271,Rameshki,RU,2021-12-01 02:38:44,57.3439,36.0453,22.21,94,100,13.47
272,Salalah,OM,2021-12-01 02:38:44,17.0151,54.0924,75.29,31,0,14.97
273,Aitape,PG,2021-12-01 02:38:44,-3.1374,142.3475,82.35,76,100,1.97
274,Guerrero Negro,MX,2021-12-01 02:39:45,27.9769,-114.0611,63.07,85,0,9.13
275,Usinsk,RU,2021-12-01 02:39:45,65.9939,57.5281,12.47,88,100,28.88
276,Tiksi,RU,2021-12-01 02:39:45,71.6872,128.8694,-23.66,97,100,6.6
277,Kargopol,RU,2021-12-01 02:39:46,61.5071,38.9456,29.07,96,100,3.33
278,Morondava,MG,2021-12-01 02:39:46,-20.2833,44.2833,74.77,82,17,4.32
279,Matara,LK,2021-12-01 02:39:46,5.9485,80.5353,79.81,82,17,4.18
280,Santa Maria,BR,2021-12-01 02:39:47,-29.6842,-53.8069,63.7,77,0,2.3
281,Santa Cruz,BO,2021-12-01 02:38:57,-17.8,-63.1667,69.26,83,28,8.05
282,Dwarka,IN,2021-12-01 02:39:47,22.2394,68.9678,76.64,50,100,10.18
283,Hambantota,LK,2021-12-01 02:39:48,6.1241,81.1185,79.14,94,20,0.0
284,Egvekinot,RU,2021-12-01 02:39:48,66.3167,-179.1667,-16.53,81,0,7.76
285,Mana,GF,2021-12-01 02:39:48,5.6592,-53.7767,77.47,91,100,8.34
286,Hay River,CA,2021-12-01 02:39:49,60.8156,-115.7999,-2.22,78,75,11.5
287,Kajaani,FI,2021-12-01 02:39:49,64.2273,27.7285,15.85,86,90,10.36
288,Marzuq,YE,2021-12-01 02:39:49,14.4,46.4667,54.66,34,2,2.98
289,Camopi,GF,2021-12-01 02:39:50,3.1655,-52.3158,72.88,99,100,1.63
290,Pemangkat,ID,2021-12-01 02:39:50,1.1667,108.9667,84.6,67,50,4.45
291,Ous,RU,2021-12-01 02:39:51,60.9058,61.5186,22.42,97,100,1.97
292,Terre Haute,US,2021-12-01 02:39:51,39.4667,-87.4139,40.37,84,1,3.44
293,Tamiahua,MX,2021-12-01 02:39:51,21.2667,-97.45,69.91,76,6,1.95
294,Souillac,MU,2021-12-01 02:39:52,-20.5167,57.5167,77.38,78,40,4.61
295,Faya,SA,2021-12-01 02:39:52,18.3851,42.4509,46.51,39,0,5.14
296,Kurilsk,RU,2021-12-01 02:39:53,45.2333,147.8833,48.92,85,100,36.44
297,Calama,CL,2021-12-01 02:39:53,-22.4667,-68.9333,55.89,16,2,5.75
298,Along,IN,2021-12-01 02:39:54,28.1667,94.7667,67.41,41,29,0.74
299,Nsanje,MW,2021-12-01 02:39:54,-16.92,35.262,67.05,87,0,3.98
300,Mudgee,AU,2021-12-01 02:39:54,-32.5943,149.5871,75.61,60,40,5.75
301,Manjacaze,MZ,2021-12-01 02:39:55,-24.7117,33.8828,68.41,91,0,4.14
302,Itoman,JP,2021-12-01 02:39:55,26.1247,127.6694,66.58,55,75,25.32
303,Zalalovo,HU,2021-12-01 02:39:55,46.848,16.5875,38.17,73,73,7.36
304,Kenora,CA,2021-12-01 02:39:56,49.8167,-94.4337,26.58,73,75,6.91
305,Labuhan,ID,2021-12-01 02:39:56,-6.8844,112.2051,85.19,69,82,9.1
306,Srednekolymsk,RU,2021-12-01 02:39:56,67.45,153.6833,-20.45,99,99,8.52
307,Tilichiki,RU,2021-12-01 02:39:57,60.4667,166.1,2.17,93,26,5.3
308,Radcliff,US,2021-12-01 02:39:57,37.8404,-85.9491,45.43,76,1,0.0
309,Nakama,JP,2021-12-01 02:39:57,33.8167,130.7,51.69,73,95,1.01
310,Koboko,UG,2021-12-01 02:39:58,3.4136,30.9599,63.7,80,95,4.47
311,Marsh Harbour,BS,2021-12-01 02:39:58,26.5412,-77.0636,72.75,58,7,7.96
312,Muswellbrook,AU,2021-12-01 02:39:58,-32.2667,150.9,70.57,78,99,9.8
313,Lasa,IT,2021-12-01 02:39:59,46.6166,10.7002,39.94,87,49,4.59
314,Comodoro Rivadavia,AR,2021-12-01 02:36:50,-45.8667,-67.5,71.46,17,0,9.22
315,Erenhot,CN,2021-12-01 02:39:59,43.6475,111.9767,22.82,59,6,10.74
316,Westport,US,2021-12-01 02:39:59,41.1415,-73.3579,42.76,74,90,1.01
317,Nefteyugansk,RU,2021-12-01 02:37:27,61.0998,72.6035,10.65,95,100,22.95
318,Abeche,TD,2021-12-01 02:40:00,13.8292,20.8324,75.79,23,7,16.89
319,Kloulklubed,PW,2021-12-01 02:40:00,7.0419,134.2556,85.21,77,79,18.84
320,Sampit,ID,2021-12-01 02:40:01,-2.5333,112.95,84.97,71,100,3.24
321,Manaure,CO,2021-12-01 02:41:01,11.7751,-72.4445,79.99,78,53,12.55
322,Goure,NE,2021-12-01 02:41:02,13.9835,10.2704,75.02,18,2,10.25
323,Marfino,RU,2021-12-01 02:41:02,55.7028,37.3822,27.95,90,90,17.9
324,Daru,PG,2021-12-01 02:41:02,-9.0763,143.2092,86.31,68,100,4.12
325,Karratha,AU,2021-12-01 02:38:09,-20.7377,116.8463,100.67,21,0,11.3
326,Taichung,TW,2021-12-01 02:37:36,24.1469,120.6839,73.49,44,20,5.99
327,Ekibastuz,KZ,2021-12-01 02:41:03,51.6667,75.3667,12.36,84,5,8.88
328,Sal Rei,CV,2021-12-01 02:41:03,16.1833,-22.9167,72.16,63,100,20.02
329,Vila Franca Do Campo,PT,2021-12-01 02:41:04,37.7167,-25.4333,63.19,85,83,8.61
330,Binodegahan,PH,2021-12-01 02:41:04,13.0614,123.4579,85.05,68,100,8.21
331,Elko,US,2021-12-01 02:41:04,41.0002,-115.5012,39.63,59,5,5.01
332,Shimoda,JP,2021-12-01 02:41:05,34.6667,138.95,64.76,61,77,34.45
333,Bilma,NE,2021-12-01 02:41:05,18.6853,12.9164,66.54,33,65,10.6
334,Griffith,US,2021-12-01 02:41:05,41.5284,-87.4237,41.9,72,1,0.0
335,Mae Hong Son,TH,2021-12-01 02:41:06,19.3003,97.9685,66.34,88,20,1.14
336,Myitkyina,MM,2021-12-01 02:41:06,25.3833,97.4,71.4,46,84,2.35
337,Nouadhibou,MR,2021-12-01 02:41:06,20.931,-17.0347,66.18,42,4,18.41
338,Tomatlan,MX,2021-12-01 02:41:07,19.9333,-105.25,72.12,91,91,2.21
339,Nantucket,US,2021-12-01 02:41:07,41.2835,-70.0995,40.03,87,90,4.61
340,Saldanha,ZA,2021-12-01 02:41:07,-33.0117,17.9442,51.85,85,62,5.03
341,Natchitoches,US,2021-12-01 02:41:08,31.7668,-93.1335,54.28,93,1,0.0
342,Palauig,PH,2021-12-01 02:41:08,15.435,119.9045,85.53,66,100,2.17
343,Marawi,PH,2021-12-01 02:41:08,7.9986,124.2928,72.64,67,93,5.35
344,Lalsot,IN,2021-12-01 02:41:09,26.5667,76.3333,59.67,38,100,3.98
345,Yangjiang,CN,2021-12-01 02:41:09,21.85,111.9667,65.77,31,9,14.72
346,Phek,IN,2021-12-01 02:41:09,25.6667,94.5,55.94,64,29,1.81
347,Villa Rica,US,2021-12-01 02:41:10,33.7321,-84.9191,52.68,78,0,4.54
348,Suez,EG,2021-12-01 02:41:10,29.9737,32.5263,61.9,80,97,7.54
349,Zorritos,PE,2021-12-01 02:41:10,-3.6805,-80.6782,73.69,77,93,6.44
350,Gwadar,PK,2021-12-01 02:41:11,25.1216,62.3254,73.42,47,2,3.98
351,Natal,BR,2021-12-01 02:41:11,-5.795,-35.2094,81.25,83,20,6.91
352,Salair,RU,2021-12-01 02:41:11,54.2312,85.7972,14.02,86,63,7.94
353,Half Moon Bay,US,2021-12-01 02:41:12,37.4636,-122.4286,65.95,72,1,8.05
354,Dembi Dolo,ET,2021-12-01 02:41:12,8.5333,34.8,60.01,60,89,3.85
355,Port-Cartier,CA,2021-12-01 02:41:12,50.0334,-66.8654,23.76,62,5,10.65
356,Orebro,SE,2021-12-01 02:41:13,59.2741,15.2066,22.93,98,44,5.75
357,Amapa,BR,2021-12-01 02:41:13,1.0,-52.0,72.68,99,99,2.98
358,Nemuro,JP,2021-12-01 02:41:13,43.3236,145.575,54.03,86,100,43.89
359,Mpanda,TZ,2021-12-01 02:41:14,-6.3655,31.0409,66.04,86,93,2.75
360,Campos Altos,BR,2021-12-01 02:41:14,-19.6961,-46.1714,65.3,95,93,3.96
361,Yinchuan,CN,2021-12-01 02:38:07,38.4681,106.2731,30.92,26,0,3.24
362,Olive Branch,US,2021-12-01 02:41:14,34.9618,-89.8295,55.45,74,1,0.0
363,Sembe,CG,2021-12-01 02:41:15,1.6481,14.5806,70.02,95,80,1.43
364,Ayan,RU,2021-12-01 02:41:15,56.45,138.1667,6.12,67,27,8.7
365,Arinos,BR,2021-12-01 02:41:15,-15.9169,-46.1056,76.28,69,100,3.06
366,Poyarkovo,RU,2021-12-01 02:41:16,49.6,128.6833,2.64,89,6,12.17
367,Tazovskiy,RU,2021-12-01 02:41:16,67.4667,78.7,-18.27,100,98,6.6
368,Kangaatsiaq,GL,2021-12-01 02:41:17,68.3065,-53.4641,29.46,82,98,16.78
369,Antalaha,MG,2021-12-01 02:42:17,-14.9003,50.2788,74.07,76,35,5.55
370,Soyo,AO,2021-12-01 02:42:17,-6.1349,12.3689,77.49,90,100,6.13
371,Awbari,LY,2021-12-01 02:42:18,26.5921,12.7805,51.31,23,64,7.09
372,Miracema Do Tocantins,BR,2021-12-01 02:42:18,-9.5618,-48.3967,73.65,92,85,1.23
373,Manokwari,ID,2021-12-01 02:42:18,-0.8667,134.0833,83.79,75,100,6.24
374,Isangel,VU,2021-12-01 02:42:19,-19.55,169.2667,87.91,70,75,6.91
375,Marsala,IT,2021-12-01 02:42:19,37.7966,12.4352,53.55,76,20,13.8
376,Hurghada,EG,2021-12-01 02:42:20,27.2574,33.8129,68.04,68,0,13.8
377,Santo Tomas,PH,2021-12-01 02:42:20,14.1079,121.1414,86.58,73,72,6.15
378,Ust-Tsilma,RU,2021-12-01 02:42:20,65.441,52.1498,16.02,93,100,11.74
379,Sinnamary,GF,2021-12-01 02:42:21,5.3833,-52.95,77.54,91,97,8.5
380,Carinhanha,BR,2021-12-01 02:42:21,-14.3047,-43.765,74.01,78,100,3.04
381,Kirakira,SB,2021-12-01 02:42:21,-10.4544,161.9205,80.74,82,97,6.35
382,Mendeleyevo,RU,2021-12-01 02:42:22,56.0333,37.2167,27.63,93,75,20.13
383,La Ronge,CA,2021-12-01 02:42:22,55.1001,-105.2842,25.05,80,75,4.61
384,Muros,ES,2021-12-01 02:42:22,42.7762,-9.0603,55.99,95,100,5.35
385,Ananas,HT,2021-12-01 02:42:23,19.2466,-71.9557,66.96,95,83,3.74
386,Biak,ID,2021-12-01 02:42:23,-0.9131,122.8766,83.1,63,98,0.96
387,Farafangana,MG,2021-12-01 02:42:23,-22.8167,47.8333,75.63,89,4,6.8
388,Haines Junction,CA,2021-12-01 02:42:24,60.7522,-137.5108,-5.85,84,100,0.0
389,Nobeoka,JP,2021-12-01 02:42:24,32.5833,131.6667,48.76,50,28,9.73
390,State College,US,2021-12-01 02:41:35,40.7934,-77.86,45.79,75,75,1.01
391,Whitehorse,CA,2021-12-01 02:39:05,60.7161,-135.0538,6.31,88,90,3.0
392,Vera Cruz,BR,2021-12-01 02:42:25,-12.6333,-41.0333,70.12,89,97,2.06
393,Vestmanna,FO,2021-12-01 02:42:25,62.1564,-7.1664,31.12,74,90,3.44
394,Bridlington,GB,2021-12-01 02:42:25,54.0831,-0.1919,50.18,83,96,29.24
395,Rio Grande,BR,2021-12-01 02:42:26,-32.035,-52.0986,65.95,89,26,9.78
396,Goundam,ML,2021-12-01 02:42:26,16.4145,-3.6708,74.12,15,91,10.25
397,Porto Walter,BR,2021-12-01 02:42:26,-8.2686,-72.7439,72.5,87,99,2.89
398,High Level,CA,2021-12-01 02:42:27,58.5169,-117.136,3.31,92,90,3.44
399,Gizo,SB,2021-12-01 02:42:27,-8.103,156.8419,83.79,72,95,9.93
400,Puerto Ayacucho,VE,2021-12-01 02:42:27,5.6639,-67.6236,79.43,79,84,0.65
401,Kulhudhuffushi,MV,2021-12-01 02:42:28,6.6221,73.07,81.73,77,75,10.27
402,Jacqueville,CI,2021-12-01 02:42:28,5.2052,-4.4146,76.91,76,91,4.97
403,Bouar,CF,2021-12-01 02:42:29,5.934,15.596,65.68,59,80,2.01
404,Qaqortoq,GL,2021-12-01 02:42:29,60.7167,-46.0333,43.3,97,100,22.77
405,Bijawar,IN,2021-12-01 02:42:29,24.6333,79.5,64.6,37,100,2.39
406,Meulaboh,ID,2021-12-01 02:42:30,4.1363,96.1285,79.9,80,71,3.27
407,Sao Joao Da Barra,BR,2021-12-01 02:42:30,-21.6403,-41.0511,73.42,91,100,6.49
408,Sao Miguel Do Araguaia,BR,2021-12-01 02:42:30,-13.275,-50.1628,73.81,90,91,4.45
409,Chumikan,RU,2021-12-01 02:42:31,54.7183,135.315,-0.63,88,64,7.38
410,Bucerias,MX,2021-12-01 02:40:38,20.75,-105.3333,77.99,83,1,0.0
411,Iranshahr,IR,2021-12-01 02:42:31,27.2025,60.6848,57.54,47,0,6.91
412,Longyearbyen,SJ,2021-12-01 02:42:32,78.2186,15.6401,4.84,66,0,19.57
413,Pahrump,US,2021-12-01 02:38:48,36.2083,-115.9839,66.25,22,0,1.01
414,Ganzhou,CN,2021-12-01 02:42:32,28.8184,115.4327,52.34,36,1,6.87
415,Navrongo,GH,2021-12-01 02:42:32,10.8956,-1.0921,75.33,15,7,7.02
416,Aykhal,RU,2021-12-01 02:43:33,66.0,111.5,-14.55,99,100,4.03
417,Ancud,CL,2021-12-01 02:43:33,-41.8697,-73.8203,53.13,87,100,6.76
418,Vila Do Maio,CV,2021-12-01 02:43:34,15.1333,-23.2167,72.39,67,100,18.05
419,Kasempa,ZM,2021-12-01 02:43:34,-13.4584,25.8338,64.04,46,88,5.77
420,Kirando,TZ,2021-12-01 02:43:34,-7.4167,30.6,71.29,87,44,8.55
421,Damghan,IR,2021-12-01 02:43:35,36.1683,54.348,43.34,61,34,3.15
422,Nouakchott,MR,2021-12-01 02:43:35,18.0858,-15.9785,69.73,35,99,12.75
423,Verkhoyansk,RU,2021-12-01 02:43:35,67.5447,133.385,-26.82,100,98,0.11
424,Dunedin,NZ,2021-12-01 02:43:36,-45.8742,170.5036,53.55,91,100,14.58
425,Lyngseidet,NO,2021-12-01 02:43:36,69.5763,20.2189,13.46,77,1,10.6
426,Kailua,US,2021-12-01 02:43:36,21.4022,-157.7394,84.18,74,57,11.63
427,Atasu,KZ,2021-12-01 02:41:42,48.6814,71.6433,10.58,87,4,3.11
428,Port Macquarie,AU,2021-12-01 02:43:37,-31.4333,152.9167,69.76,100,90,9.22
429,Koshurnikovo,RU,2021-12-01 02:43:37,54.1667,93.3,3.9,94,94,2.77
430,Flinders,AU,2021-12-01 02:43:14,-34.5833,150.8552,79.81,77,61,9.13
431,Chunoyar,RU,2021-12-01 02:43:38,57.4467,97.3217,22.1,86,100,13.78
432,Jasper,US,2021-12-01 02:43:38,37.2001,-94.3502,54.82,69,1,1.01
433,Catumbela,AO,2021-12-01 02:43:38,-12.4314,13.5472,75.52,86,100,1.21
434,Sola,VU,2021-12-01 02:43:39,-13.8833,167.55,82.4,70,69,6.13
435,Kazanka,UA,2021-12-01 02:43:39,47.8462,32.8218,28.71,71,29,10.47
436,Glenluce,GB,2021-12-01 02:43:39,54.8798,-4.8084,46.29,81,100,29.1
437,Unguia,CO,2021-12-01 02:43:40,8.0434,-77.0945,73.6,96,100,3.38
438,Douglas,US,2021-12-01 02:43:40,41.3,-96.167,49.87,61,1,3.0
439,Xixiang,CN,2021-12-01 02:43:40,35.1628,112.865,46.38,21,0,6.51
440,Tecpan,GT,2021-12-01 02:43:41,14.7623,-90.9947,53.06,90,0,5.59
441,Doha,QA,2021-12-01 02:41:54,25.2867,51.5333,69.78,75,0,0.0
442,Surskoye,RU,2021-12-01 02:43:41,54.4821,46.7214,33.31,78,99,8.9
443,Forest Acres,US,2021-12-01 02:43:41,34.0193,-80.9898,49.44,58,1,0.0
444,Shingu,JP,2021-12-01 02:43:42,33.7333,135.9833,56.39,56,5,17.2
445,Ust-Omchug,RU,2021-12-01 02:43:42,61.15,149.6333,-35.41,99,43,1.68
446,Port Moresby,PG,2021-12-01 02:41:48,-9.4431,147.1797,89.02,70,40,11.5
447,Abu Zabad,SD,2021-12-01 02:43:43,12.35,29.25,74.61,25,1,11.56
448,Cedar City,US,2021-12-01 02:43:43,37.6775,-113.0619,44.4,42,1,4.61
449,Mount Gambier,AU,2021-12-01 02:43:43,-37.8333,140.7667,75.11,50,3,8.05
450,Boa Vista,BR,2021-12-01 02:43:44,2.8197,-60.6733,80.58,83,75,5.75
451,Maketu,NZ,2021-12-01 02:43:44,-37.7667,176.45,73.24,96,100,6.67
452,Naryan-Mar,RU,2021-12-01 02:43:44,67.6713,53.087,10.45,75,100,24.45
453,Bonavista,CA,2021-12-01 02:43:44,48.6499,-53.1147,41.11,71,7,31.29
454,Makakilo City,US,2021-12-01 02:43:45,21.3469,-158.0858,82.72,61,75,6.91
455,Kropotkin,RU,2021-12-01 02:43:45,45.4375,40.5756,45.52,85,84,29.84
456,Chauk,MM,2021-12-01 02:43:45,20.8833,94.8167,74.35,63,100,10.56
457,Kanbe,MM,2021-12-01 02:43:46,16.7053,96.0017,78.85,62,74,9.28
458,Lewiston,US,2021-12-01 02:43:46,44.1003,-70.2148,34.52,77,90,3.44
459,Francisco Sa,BR,2021-12-01 02:43:46,-16.4758,-43.4883,75.34,93,99,2.62
460,Ust-Nera,RU,2021-12-01 02:43:47,64.5667,143.2,-32.96,99,72,3.51
461,Shahreza,IR,2021-12-01 02:44:47,32.0339,51.8794,46.81,35,25,4.25
462,Laguna,US,2021-12-01 02:44:47,38.421,-121.4238,62.96,89,1,0.0
463,Ulaangom,MN,2021-12-01 02:44:48,49.9811,92.0667,11.48,74,66,2.1
464,Linqiong,CN,2021-12-01 02:44:48,30.4159,103.4609,53.42,59,69,2.15
465,Lensk,RU,2021-12-01 02:44:48,60.7253,114.9278,7.99,94,100,1.28
466,Inhambane,MZ,2021-12-01 02:44:49,-23.865,35.3833,72.28,88,11,7.72
467,Fairbanks,US,2021-12-01 02:40:46,64.8378,-147.7164,1.36,73,75,0.0
468,Kerepehi,NZ,2021-12-01 02:44:49,-37.3,175.5333,75.34,77,96,0.98
469,Xian,CN,2021-12-01 02:44:50,34.2583,108.9286,36.41,32,4,0.36
470,Saint Augustine,US,2021-12-01 02:44:50,29.8947,-81.3145,57.99,87,1,0.0
471,Farah,AF,2021-12-01 02:44:50,32.5,62.5,51.82,38,0,2.3
472,Nizhnevartovsk,RU,2021-12-01 02:44:51,60.9344,76.5531,10.42,85,90,15.66
473,Maragogi,BR,2021-12-01 02:44:51,-9.0122,-35.2225,77.5,83,91,7.18
474,Rawah,IQ,2021-12-01 02:44:51,34.4816,41.9093,64.99,35,100,7.56
475,Broken Hill,AU,2021-12-01 02:44:52,-31.95,141.4333,89.31,23,0,5.75
476,Ola,RU,2021-12-01 02:44:52,59.5833,151.2833,-8.37,86,17,7.2
477,Mao,ES,2021-12-01 02:44:52,39.8885,4.2658,55.96,82,75,6.91
478,Qiongshan,CN,2021-12-01 02:44:53,20.0058,110.3542,69.78,52,20,17.9
479,Oranjestad,AW,2021-12-01 02:44:53,12.524,-70.027,82.35,74,20,16.11
480,Pavilosta,LV,2021-12-01 02:44:54,56.8879,21.1859,33.75,58,92,20.24
481,Cap Malheureux,MU,2021-12-01 02:44:54,-19.9842,57.6142,78.48,74,1,3.0
482,San Juan,AR,2021-12-01 02:44:54,-31.5375,-68.5364,69.08,55,1,25.9
483,Kardymovo,RU,2021-12-01 02:44:55,54.8902,32.4311,23.38,91,100,12.39
484,Wegorzewo,PL,2021-12-01 02:44:55,54.2157,21.7372,17.2,93,73,5.41
485,Constantine,DZ,2021-12-01 02:44:55,36.365,6.6147,40.41,100,40,4.61
486,Ixtapa,MX,2021-12-01 02:44:56,20.7,-105.2,77.23,83,100,2.35
487,Vysha,RU,2021-12-01 02:44:56,53.8477,42.3777,29.59,73,100,10.02
488,Margate,GB,2021-12-01 02:44:56,51.3813,1.3862,52.97,88,100,10.0
489,Teshie,GH,2021-12-01 02:44:57,5.5836,-0.1072,79.36,94,0,5.75
490,Kusti,SD,2021-12-01 02:44:57,13.1629,32.6635,78.71,26,0,11.16
491,Nanyamba,TZ,2021-12-01 02:44:57,-10.6833,39.8333,70.99,97,21,1.3
492,Tecoanapa,MX,2021-12-01 02:44:58,16.5167,-98.75,78.85,80,19,4.09
493,Porto-Vecchio,FR,2021-12-01 02:44:58,41.591,9.2795,53.26,71,90,14.97
494,East Kilbride,GB,2021-12-01 02:44:58,55.7667,-4.1667,46.24,92,100,3.0
495,Mabaruma,GY,2021-12-01 02:44:59,8.2,-59.7833,75.11,94,100,4.16
496,Yelizovo,RU,2021-12-01 02:44:59,53.1873,158.3805,17.74,73,75,8.95
497,Angoram,PG,2021-12-01 02:44:59,-4.0625,144.0661,87.15,73,60,2.53
498,Cap-Aux-Meules,CA,2021-12-01 02:45:00,47.3821,-61.8597,32.02,69,75,27.63
499,Inyonga,TZ,2021-12-01 02:45:00,-6.7167,32.0667,62.51,96,51,1.12
500,Xinzhou,CN,2021-12-01 02:45:00,38.4092,112.7333,30.9,27,27,2.01
501,Kaeo,NZ,2021-12-01 02:45:01,-35.1,173.7833,71.98,57,100,6.64
502,Lorengau,PG,2021-12-01 02:45:01,-2.0226,147.2712,85.96,63,12,6.53
503,Pasighat,IN,2021-12-01 02:45:02,28.0667,95.3333,73.63,35,24,0.83
504,Richards Bay,ZA,2021-12-01 02:45:02,-28.783,32.0377,70.57,82,100,13.09
505,Qasigiannguit,GL,2021-12-01 02:45:02,68.8193,-51.1922,21.24,76,97,9.93
506,Bagaces,CR,2021-12-01 02:45:03,10.5271,-85.2548,76.93,73,100,16.26
507,Bandarbeyla,SO,2021-12-01 02:46:03,9.4942,50.8122,74.17,66,39,14.23
508,Keningau,MY,2021-12-01 02:46:03,5.3378,116.1602,86.45,57,22,3.85
509,Aras,ES,2021-12-01 02:46:04,42.5617,-2.356,41.72,93,0,2.3
510,Pascagoula,US,2021-12-01 02:46:04,30.3658,-88.5561,51.84,61,55,4.81
511,Pangnirtung,CA,2021-12-01 02:45:12,66.1451,-65.7125,11.82,96,100,3.67
512,Burnie,AU,2021-12-01 02:41:57,-41.0667,145.9167,65.19,75,100,6.42
513,Regina,CA,2021-12-01 02:43:17,50.4501,-104.6178,31.15,91,1,3.44
514,Ferrol,ES,2021-12-01 02:46:05,43.4832,-8.2369,57.36,84,100,13.18
515,Yulara,AU,2021-12-01 02:46:05,-25.2406,130.9889,98.44,7,0,6.91
516,Antigonish,CA,2021-12-01 02:46:05,45.6169,-61.9986,31.82,81,29,5.01
517,Chapel Hill,US,2021-12-01 02:42:03,35.9132,-79.0558,49.91,65,5,4.63
518,Ati,TD,2021-12-01 02:46:06,13.2154,18.3353,76.95,23,5,13.89
519,Changqing,CN,2021-12-01 02:46:06,36.5575,116.7272,41.86,31,11,3.69
520,Fukue,JP,2021-12-01 02:46:07,32.6881,128.8419,48.56,61,75,17.27
521,Jalalpur Pirwala,PK,2021-12-01 02:46:07,29.5069,71.2192,65.95,26,0,1.28
522,Sabang,ID,2021-12-01 02:46:08,5.8933,95.3214,82.0,72,80,19.1
523,Salta,AR,2021-12-01 02:46:08,-24.7859,-65.4117,73.69,59,75,1.01
524,Benjamin Hill,MX,2021-12-01 02:46:08,30.1667,-111.1,62.17,39,70,4.05
525,Port Lincoln,AU,2021-12-01 02:46:09,-34.7333,135.8667,66.36,62,8,12.71
526,New Braunfels,US,2021-12-01 02:41:37,29.703,-98.1245,64.15,85,1,0.0
527,Luwuk,ID,2021-12-01 02:46:09,-0.9516,122.7875,85.08,64,96,2.04
528,Airai,TL,2021-12-01 02:46:10,-8.9266,125.4092,78.19,45,34,2.57
529,Redwater,US,2021-12-01 02:46:10,33.3582,-94.2544,62.89,75,62,5.95
530,Hobyo,SO,2021-12-01 02:46:10,5.3505,48.5268,78.64,69,88,16.82
531,Acapulco,MX,2021-12-01 02:46:11,16.8634,-99.8901,78.37,81,57,5.61
532,Batemans Bay,AU,2021-12-01 02:46:11,-35.7167,150.1833,84.99,65,38,12.21
533,El Oro,MX,2021-12-01 02:46:12,26.8667,-105.85,56.95,64,100,4.7
534,Abu Kamal,SY,2021-12-01 02:46:12,34.4506,40.9171,64.87,38,100,7.7
535,Sakete,BJ,2021-12-01 02:46:12,6.7362,2.6587,81.54,92,100,3.49
536,Magdalena,PH,2021-12-01 02:46:13,14.1999,121.429,87.12,71,78,7.94
537,Goderich,CA,2021-12-01 02:46:13,43.7501,-81.7165,40.91,75,100,19.57
538,Lapua,FI,2021-12-01 02:46:13,62.9693,23.0088,21.11,89,100,10.49
539,Alice Springs,AU,2021-12-01 02:46:14,-23.7,133.8833,94.55,13,0,6.91
540,Tautira,PF,2021-12-01 02:46:14,-17.7333,-149.15,84.22,75,100,20.51
541,Nieuw Amsterdam,SR,2021-12-01 02:46:15,5.8833,-55.0833,78.03,91,96,8.25
542,Tashtyp,RU,2021-12-01 02:46:15,52.7939,89.8983,18.88,82,19,5.06
543,Luena,AO,2021-12-01 02:46:15,-11.7833,19.9167,61.52,98,100,4.54
544,Puri,IN,2021-12-01 02:46:16,19.8,85.85,72.37,56,83,10.96
545,Kezmarok,SK,2021-12-01 02:46:16,49.1357,20.4335,35.02,66,90,24.16
546,North Platte,US,2021-12-01 02:46:16,41.1239,-100.7654,48.38,60,1,0.0
547,Beringovskiy,RU,2021-12-01 02:46:17,63.05,179.3167,17.33,93,100,9.89
548,Omboue,GA,2021-12-01 02:46:17,-1.5746,9.2618,77.34,91,97,6.82
549,Agua Prieta,MX,2021-12-01 02:46:17,31.3,-109.5667,62.35,39,21,3.42
550,Karwar,IN,2021-12-01 02:46:18,14.8,74.1333,77.31,80,99,9.82
551,Vaitape,PF,2021-12-01 02:46:18,-16.5167,-151.75,82.22,73,100,19.86
552,Emerald,AU,2021-12-01 02:47:18,-23.5333,148.1667,80.74,69,90,4.61
553,Shestakovo,RU,2021-12-01 02:47:19,56.4915,103.96,25.36,87,100,14.41
554,Marigot,MF,2021-12-01 02:47:19,18.0667,-63.0833,81.05,83,20,5.75
